email,password
hom.dummy01@email.com,Dummy1234!
hom.dummy02@email.com,Dummy1234!
hom.dummy03@email.com,Dummy1234!
hom.dummy04@email.com,Dummy1234!
hom.dummy05@email.com,Dummy1234!
hom.dummy06@email.com,Dummy1234!
hom.dummy07@email.com,Dummy1234!
hom.dummy08@email.com,Dummy1234!
hom.dummy09@email.com,Dummy1234!
hom.dummy10@email.com,Dummy1234!
hom.dummy11@email.com,Dummy1234!
hom.dummy12@email.com,Dummy1234!
hom.dummy13@email.com,Dummy1234!
hom.dummy14@email.com,Dummy1234!
hom.dummy15@email.com,Dummy1234!
hom.dummy16@email.com,Dummy1234!
hom.dummy17@email.com,Dummy1234!
hom.dummy18@email.com,Dummy1234!
hom.dummy19@email.com,Dummy1234!
hom.dummy20@email.com,Dummy1234!
hom.dummy21@email.com,Dummy1234!
hom.dummy22@email.com,Dummy1234!
hom.dummy23@email.com,Dummy1234!
hom.dummy24@email.com,Dummy1234!
hom.dummy25@email.com,Dummy1234!
hom.dummy26@email.com,Dummy1234!
hom.dummy27@email.com,Dummy1234!
hom.dummy28@email.com,Dummy1234!
hom.dummy29@email.com,Dummy1234!
hom.dummy30@email.com,Dummy1234!
hom.dummy31@email.com,Dummy1234!
hom.dummy32@email.com,Dummy1234!
hom.dummy33@email.com,Dummy1234!
hom.dummy34@email.com,Dummy1234!
hom.dummy35@email.com,Dummy1234!
hom.dummy36@email.com,Dummy1234!
hom.dummy37@email.com,Dummy1234!
hom.dummy38@email.com,Dummy1234!
hom.dummy39@email.com,Dummy1234!
hom.dummy40@email.com,Dummy1234!
hom.dummy41@email.com,Dummy1234!
hom.dummy42@email.com,Dummy1234!
hom.dummy43@email.com,Dummy1234!
hom.dummy44@email.com,Dummy1234!
hom.dummy45@email.com,Dummy1234!
hom.dummy46@email.com,Dummy1234!
hom.dummy47@email.com,Dummy1234!
hom.dummy48@email.com,Dummy1234!
hom.dummy49@email.com,Dummy1234!
hom.dummy50@email.com,Dummy1234!
